{
  "task_completion_rate": 47.73868437541707,
  "self_improvement_rate": 8.224569269173175,
  "speed_tasks_per_minute": 1.453380068406511,
  "token_efficiency": 3819.941349963455,
  "reasoning_quality": 83.20457110824205,
  "timestamp": "20260323_224617",
  "iteration": 1,
  "simulation_mode": true,
  "verdict": "PASS (baseline)"
}