{
  "task_completion_rate": 55.03324072819915,
  "self_improvement_rate": 9.957414264171362,
  "speed_tasks_per_minute": 1.9957248712564153,
  "token_efficiency": 2153.303819647993,
  "reasoning_quality": 65.23067511866125,
  "timestamp": "20260323_224618",
  "iteration": 2,
  "simulation_mode": true,
  "verdict": "PASS"
}